"id","age","name","address"
"1","51","Andrew Myers","1084 Maldonado Extension Suite 279, New Jeffreyborough, ID 21973"
"2","58","Brian Anderson","7892 Carol Route Suite 009, Port Samanthahaven, WA 18955"
"3","28","Vanessa Cooper","83803 Jeffrey Lodge Apt. 533, Loriborough, WV 28750"
"4","73","Olivia Bennett PhD","3830 Lucas Harbors, Amandachester, NC 52037"
"5","64","Daniel Adkins","274 Carr Pines Apt. 153, South Sarah, PW 40011"
"6","46","Jennifer Hunter","66693 Logan Way, West Kristaberg, WI 76579"
"7","72","Brittney Villarreal","3927 Anthony Flat, Jamesbury, OK 25991"
"8","59","Samantha Cannon","631 Sherri Stream, West Marvin, WA 02943"
"9","65","Michelle Miller","014 Erin Station Apt. 538, Wayneside, NM 95659"
"10","58","Joseph Vasquez","99104 Calderon Ports Apt. 134, Fordburgh, NV 42287"
"11","77","Susan Thompson","8002 Gonzales Forges, Taylorton, NH 54852"
"12","35","Amy Brown","61004 Hahn Shores Apt. 676, Jamesstad, NY 14711"
"13","43","Mitchell Henderson","94432 Cody Trafficway, West Douglas, IA 26592"
"14","78","Tara Bryant","006 Ryan Dale Suite 359, Lake Eugene, MS 80993"
"15","20","Teresa Frye","USNV Singh, FPO AP 27666"
"16","77","Michael Saunders","04359 Elizabeth Forges, East Thomasmouth, AR 25701"
"17","20","Lisa Walker","08277 Mccarty Passage Suite 972, North Josephville, MI 73754"
"18","33","Thomas Perez","8054 Patricia Glen, West Zacharyfurt, HI 10938"
"19","47","Jerry Frost","55016 Hanson Road Apt. 829, Jennifermouth, MA 99819"
"20","27","Katherine Moore","154 Chaney Port, South Paul, MA 12932"
"21","37","James Keller","8475 James Drives, Port Dawn, LA 14886"
"22","72","Daniel Sullivan","52302 Danielle Manors Apt. 882, Gregoryshire, NJ 45905"
"23","70","Christy Porter","54864 Chad Glens, Ericbury, WI 33733"
"24","77","Shannon Lester","24231 Carr Village Suite 045, West Linda, ID 53029"
"25","25","Paul Price","94732 Joseph Skyway, New Colinborough, IN 75889"
"26","51","Christina Lyons","PSC 3327, Box 5789, APO AA 79709"
"27","20","David Ross","2401 Laura Shores, Garciaborough, AL 51233"
"28","73","Paul Lynch","231 Jo Keys Suite 187, Andreaton, PW 28999"
"29","51","Joel Barnes","9141 Jennifer Drive Apt. 541, New Barry, NJ 56139"
"30","62","James Fuentes","1893 Bailey Turnpike, Johnmouth, RI 92396"
"31","46","Linda Kline","726 Boone Mountain Apt. 179, New Jill, NC 44856"
"32","45","Kevin Fernandez","838 Campos Falls Apt. 035, West Carly, ME 63124"
"33","37","Edward Barber","82303 Beck Junctions Apt. 643, Woodmouth, AS 21259"
"34","40","Amanda Mitchell","358 Mendez Vista Suite 851, Velasquezview, IA 86445"
"35","18","Brandon Everett","2998 Carol Streets Apt. 116, Kristinbury, PA 52451"
"36","66","Joanna Sheppard","24837 Steven Mountains Apt. 496, New Jessicaton, CO 37990"
"37","43","Jason Smith","89109 Wood Square Suite 994, South Daltonmouth, OK 97312"
"38","20","Pamela Gibson","USNS Diaz, FPO AA 25620"
"39","49","Andrea Smith","1235 Cruz Station, East Destinyview, PR 35282"
"40","78","Erin Sparks","262 Mann Burg Suite 633, Jeffreyview, ME 28920"
"41","43","Mariah Murphy","5174 Tiffany Camp, Spencerberg, NH 28054"
"42","33","Robert Mccoy","115 Miller Path Suite 933, Banksburgh, AS 66549"
"43","70","Karen Townsend","137 Ryan Trail Apt. 976, New Matthewport, MA 08610"
"44","48","Michael Villa","61782 Johns Island Suite 856, Leland, MD 61348"
"45","62","Jacqueline Dawson","92364 Jasmine Points, Clarkborough, NE 31027"
"46","55","Paul Owen","5784 Davis Burgs Suite 463, East Karen, AK 05427"
"47","70","Margaret Acevedo","935 Terri Tunnel, Lake Matthewport, DC 67218"
"48","71","Sarah Hernandez","3137 Aaron Station Apt. 105, Shortborough, WI 02725"
"49","32","Stephen Mckenzie","2428 Jacqueline Valleys, South Joannamouth, AR 74160"
"50","77","William Simmons","8968 Miller Station Apt. 247, Hansonfort, CA 10966"
"51","78","Greg Dean","75381 Matthew Roads Apt. 721, New James, CO 32337"
"52","41","Isaac Mendez","4183 Billy Valley Apt. 502, North Davidton, PW 93628"
"53","44","Justin Lopez","57177 Rogers Isle, West Thomas, MN 02162"
"54","74","Susan Hamilton","026 Rios Rapids, Allenbury, CT 19337"
"55","72","Jennifer Coleman","5151 Ward Trail, West Brandonberg, WY 64615"
"56","77","Dominique Durham","Unit 6593 Box 9605, DPO AE 92939"
"57","25","Courtney Henry","21067 Monique Union Apt. 021, Anthonyport, TX 60582"
"58","72","Deborah Martinez","13664 Cervantes Ridge Suite 241, Robertville, NH 29467"
"59","26","Dorothy Potter","666 Jason Lake, New Marie, GA 90663"
"60","31","Charles Haynes","5684 David Manors Suite 154, East Mark, NC 24606"
"61","38","Richard Jackson","768 Todd Forks, Johnville, PR 47029"
"62","38","Patrick Miller","4460 Allison Terrace, Port Diana, SD 34038"
"63","19","Dr. Julie Schmidt DVM","8475 Jones Radial Suite 750, Martinezview, VA 04464"
"64","33","Barbara Buchanan","73468 Christopher Pass Suite 851, Brownview, MN 93771"
"65","28","Alex Allen","126 Courtney Island Apt. 106, North April, HI 53350"
"66","39","Mario Adams","9199 Tiffany Union, Matthewfurt, WV 76307"
"67","70","Levi Rodriguez","7066 Fisher Passage, Lake Laurashire, OH 58060"
"68","75","James Mcpherson","0985 Delacruz Flats Suite 919, Jasonmouth, VA 32549"
"69","70","Tracy Reed","8530 Watson Landing Apt. 845, Wilcoxbury, PA 47294"
"70","37","Molly Manning","48871 Smith Valley Suite 110, West Bradleyport, CO 17826"
"71","52","Jose Harrison","3852 Torres Path, Lake Amyberg, IN 79933"
"72","25","Johnathan Mcfarland","74884 Sarah Expressway Apt. 583, New Kyle, NJ 78589"
"73","79","Rebecca Price","87377 Benjamin Meadow, East Pamela, NY 94460"
"74","62","Michael Meyers","Unit 4098 Box 0158, DPO AE 25531"
"75","24","Matthew Martin","061 Austin Turnpike Apt. 171, Jacobsview, PR 21469"
"76","50","Laura Wilkinson","5334 Brown Street Apt. 124, Lake Amy, VI 63240"
"77","26","Bradley Nichols","970 Cardenas Lodge, Jeremyton, RI 72700"
"78","43","Luke Brooks","4709 Rebecca Creek, Brownview, CO 35171"
"79","58","Emma Gomez","4276 Ellen Mission, Ashleychester, MN 29929"
"80","70","Phillip Macdonald","512 Gross Ford, Wellschester, VA 23288"
"81","62","Derrick Allison","20485 Eric Inlet Suite 950, Christineville, ID 01847"
"82","67","Dr. Brett Kent","42244 Robert Lakes, Lake Eric, MS 14899"
"83","80","Michael Rodriguez","87403 King Prairie Apt. 448, Jenniferbury, DE 10512"
"84","52","James Booker","73862 Ramirez Drives, Port Dwayne, AK 57138"
"85","33","Collin Gibson","255 Briggs Streets, Port Jeffrey, NE 15425"
"86","52","Seth Davis","91270 Joel Court Apt. 543, Lake Johnathanburgh, NJ 13649"
"87","74","Charles Collins","6036 Mitchell Highway, Scottburgh, WA 60237"
"88","35","Dawn Edwards","8219 Eugene Orchard, North Davestad, WY 74573"
"89","69","Christopher Boyd","58859 Davis Fall, North Kurt, CT 34799"
"90","19","Daniel Lawrence","68098 Bates Ford Suite 548, Port Brandy, NJ 01768"
"91","64","Denise Cook","914 Rachel Wells, Butlerhaven, MT 24784"
"92","50","Marc Lee","848 Nicholson Passage, New Derek, AL 86884"
"93","50","Chad Griffith","2445 Smith Rue Suite 988, Baileyhaven, GU 01762"
"94","61","Alexis Porter","35318 Wall Shores, Jacksonburgh, AS 78160"
"95","50","Melissa Ross","13072 White Track, Campbellfurt, OH 37982"
"96","70","Matthew Parrish","25971 Melissa Groves, Riverabury, FM 59413"
"97","45","Justin Huffman","70647 Shawn Port Apt. 010, Ortegachester, NY 37746"
"98","25","Heather Burton","77698 John Branch Suite 669, West Anthony, NV 73017"
"99","80","Steven Silva","4092 Kimberly Neck, West Kathleenchester, CT 72550"
"100","72","Rachel Johnson","600 David Underpass, Lake Laceyland, ME 90387"
